name	x	y	z
E1	5.52	-5.79	-2.58
E2	6.71	-5.29	0.31
E3	7.63	-3.86	3.07
E4	7.15	-2.87	4.99
E5	5.69	-1.48	6.81
E6	3.81	-0.00	7.89
E7	1.56	1.22	8.44
E8	8.00	-4.22	-1.35
E9	8.88	-2.70	1.09
E10	8.71	-1.83	3.19
E11	7.96	-0.00	5.04
E12	5.69	1.48	6.81
E13	3.25	2.44	7.61
E14	9.48	-1.27	-0.95
E15	9.09	-0.00	1.33
E16	9.08	-0.00	3.11
E17	9.27	-0.00	-2.21
E18	8.71	1.83	3.19
E19	7.15	2.87	4.99
E20	5.12	3.83	5.94
E21	9.48	1.27	-0.95
E22	8.88	2.70	1.09
E23	7.63	3.86	3.07
E24	6.02	4.46	4.37
E25	8.00	4.22	-1.35
E26	6.71	5.29	0.31
E27	5.45	5.68	2.84
E28	4.16	5.55	4.63
E29	2.70	4.76	6.30
E30	0.96	3.70	7.63
E31	-0.68	1.96	8.56
E32	5.52	5.79	-2.58
E33	4.13	6.40	-0.36
E34	2.97	6.82	2.43
E35	1.49	6.41	4.74
E36	0.28	5.48	6.38
E37	-1.52	3.91	7.76
E38	3.61	6.55	-3.35
E39	0.85	7.19	-0.88
E40	0.03	7.39	2.14
E41	-0.80	6.91	4.60
E42	-2.34	5.96	6.00
E43	2.42	6.52	-5.25
E44	1.28	6.84	-3.56
E45	-1.87	7.30	-0.63
E46	-2.30	7.31	2.39
E47	-3.01	6.74	4.18
E48	2.23	5.93	-7.93
E49	0.42	6.30	-6.07
E50	-4.02	6.78	-0.23
E51	-4.67	6.56	2.75
E52	-4.49	5.83	4.96
E53	-4.04	4.19	6.98
E54	-3.41	2.27	8.20
E55	-2.14	-0.00	8.79
E56	-2.46	6.17	-5.64
E57	-3.74	6.58	-2.99
E58	-5.76	6.03	0.05
E59	-6.44	5.20	2.98
E60	-6.06	4.12	5.37
E61	-5.48	2.34	7.06
E62	-6.68	-0.00	6.47
E63	-4.30	5.33	-5.61
E64	-5.87	5.40	-2.89
E65	-7.28	4.65	0.13
E66	-7.67	3.61	3.13
E67	-7.35	1.84	5.22
E68	-6.40	3.78	-5.26
E69	-7.60	3.53	-2.82
E70	-8.61	2.74	0.24
E71	-8.44	1.40	3.28
E72	-7.83	-0.00	4.69
E73	-7.50	1.93	-5.14
E74	-8.46	1.13	-2.63
E75	-9.00	-0.00	0.49
E76	-8.44	-1.40	3.28
E77	-7.35	-1.84	5.22
E78	-5.48	-2.34	7.06
E79	-3.41	-2.27	8.20
E80	-0.68	-1.96	8.56
E81	-7.86	-0.00	-4.95
E82	-8.46	-1.13	-2.63
E83	-8.61	-2.74	0.24
E84	-7.67	-3.61	3.13
E85	-6.06	-4.12	5.37
E86	-4.04	-4.19	6.98
E87	-1.52	-3.91	7.76
E88	-7.50	-1.93	-5.14
E89	-7.60	-3.53	-2.82
E90	-7.28	-4.65	0.13
E91	-6.44	-5.20	2.98
E92	-4.49	-5.83	4.96
E93	-2.34	-5.96	6.00
E94	-6.40	-3.78	-5.26
E95	-5.87	-5.40	-2.89
E96	-5.76	-6.03	0.05
E97	-4.67	-6.56	2.75
E98	-3.01	-6.74	4.18
E99	-4.30	-5.33	-5.61
E100	-3.74	-6.58	-2.99
E101	-4.02	-6.78	-0.23
E102	-2.30	-7.31	2.39
E103	-0.80	-6.91	4.60
E104	0.28	-5.48	6.38
E105	0.96	-3.70	7.63
E106	1.56	-1.22	8.44
E107	-2.46	-6.17	-5.64
E108	-1.87	-7.30	-0.63
E109	0.03	-7.39	2.14
E110	1.49	-6.41	4.74
E111	2.70	-4.76	6.30
E112	3.25	-2.44	7.61
E113	0.42	-6.30	-6.07
E114	1.28	-6.84	-3.56
E115	0.85	-7.19	-0.88
E116	2.97	-6.82	2.43
E117	4.16	-5.55	4.63
E118	5.12	-3.83	5.94
E119	2.23	-5.93	-7.93
E120	2.42	-6.52	-5.25
E121	3.61	-6.55	-3.35
E122	4.13	-6.40	-0.36
E123	5.45	-5.68	2.84
E124	6.02	-4.46	4.37
E125	4.52	-6.12	-4.41
E126	6.65	-3.74	-6.53
E127	6.65	3.74	-6.53
E128	4.52	6.12	-4.41
